Period,Cosine_Similarity
1756-1764,0.6105113625526428
1765-1776,0.8450803571065447
1777-1783,0.621591787270165
