Comparison,Cosine_Similarity
1756-1764 → 1765-1776,0.4141612969021718
1765-1776 → 1777-1783,0.5632066943267496
1756-1764 → 1777-1783,0.5040680951124518
