Comparison,Cosine_Similarity
1756-1764 → 1765-1776,0.6183938088669022
1765-1776 → 1777-1783,0.8047206814528766
1756-1764 → 1777-1783,0.6500610213607956
