Period,Cosine_Similarity
1756-1764,0.6945312023162842
1765-1776,0.5237440214017652
1777-1783,0.3942566393140747
